Affected_Inventory_ID,Accomodated_Passengers_List,Exception_Passengers_List,Percentage_of_Passengers_Accomodated,Default_Path_Solution,Other_Path_Solutions
INV-ZZ-2141857,"['854646192', '266246359', '3744258213', '161475445', '5683645348', '335006151', '227878240', '159308647', '6523453192', '670806186', '7167982853', '17710333152', '998821451', '99184559', '3498078854', '9187942', '74136321', '8173255716', '935994772', '723018142', '65907036', '789566502', '700996806', '940403673', '76989384251', '5029011203', '211595347', '1748667372', '857469253', '5699666777', '11923377', '2316667005', '9790142031', '375030694', '7343070860', '9994751021', '672360083', '5990520779', '385791440', '4949932091', '659398096', '2260978746', '1874063373', '34147950', '708035575', '724953917', '44339176', '8029415566', '525698780', '4489124432', '4860741581', '879087273', '3470185368', '640381906', '699916184', '129039865', '917580575', '86696924', '559452373', '644622266', '5109955929', '5143213644', '7700299972', '3921516775', '516566487', '139971460', '1700570762', '21019943363', '3241444187', '9176764983', '535395756', '154575679', '247532979', '897993035', '2122546733', '6810687332', '3522455504', '356657542', '151406895', '678006624', '3609145911', '1324012294', '3732615412', '339571607', '4808913685', '43800018334', '3392849763', '5144742894', '541235176', '419865457', '5704167442', '7888179307', '989273961', '847364453', '997163872', '386934821', '1340024409', '5781823159', '73081425', '806712501', '804763268', '374397945', '5309126223', '319665477', '5115638573', '7801278331', '4351715728', '9404427238', '758062442', '280176399', '2987233938', '799710463', '7396762291', '646222631', '7515596037', '8567290392', '3134758955', '5520133924', '384659801', '9928837992', '252302954', '318562835', '9196486756', '848221635', '890172207', '167070821', '5219757601', '4626149289', '360934071', '8651488642', '2271780082', '7970283657', '252197419', '5772296643', '7428212290', '377379613', '101200281', '8352791697', '870497860', '6372106241', '363703431', '2477431163', '826264336', '876452528', '3153675715', '614566339', '5999042765']",[],100.0%,"[{'Inventory_ID': 'INV-ZZ-4921893', 'Carrier_Code': 'ZZ', 'Flight_Number': 4140, 'Arrival_Date_Time': '09-06-2024 15:02', 'Departure_Date_Time': '09-06-2024 13:19', 'Departure_Airport': 'AMD', 'Arrival_Airport': 'MAA'}]","[[{'Inventory_ID': 'INV-ZZ-1507983', 'Carrier_Code': 'ZZ', 'Flight_Number': 4341, 'Arrival_Date_Time': '11-06-2024 16:53', 'Departure_Date_Time': '11-06-2024 09:32', 'Departure_Airport': 'AMD', 'Arrival_Airport': 'HYD'}], [{'Inventory_ID': 'INV-ZZ-4921893', 'Carrier_Code': 'ZZ', 'Flight_Number': 4140, 'Arrival_Date_Time': '09-06-2024 15:02', 'Departure_Date_Time': '09-06-2024 13:19', 'Departure_Airport': 'AMD', 'Arrival_Airport': 'MAA'}, {'Inventory_ID': 'INV-ZZ-9755353', 'Carrier_Code': 'ZZ', 'Flight_Number': 4704, 'Arrival_Date_Time': '11-06-2024 01:47', 'Departure_Date_Time': '10-06-2024 02:22', 'Departure_Airport': 'MAA', 'Arrival_Airport': 'HYD'}]]"
INV-ZZ-5954450,"['5947138816', '4813298184', '876226510', '39616088', '256012088', '490640006', '431050299', '230540054', '779815847', '8972415124', '827464489', '88335404', '1183358421', '78545764446', '846746514', '5865538373', '451153216', '8382375124', '4746867390', '4140366993', '8867260251', '786519782', '429644819', '380987115', '5548388484', '2301602474', '8244552669', '6516607186', '366917088', '194004111', '757720895', '97312535193', '49912951665', '342408517', '238629761', '9684563977', '738061141', '701016458', '640575299', '656248626', '6114603176', '109750975', '46964271872', '2930906590', '9166680937', '725752258', '5709236739', '961340322', '994847720', '690239331', '8745470654', '442312057', '477324636', '889320188', '2124419435', '5422154705', '27053262884', '6123026435', '4247086227', '6858173082', '8838966459', '5521707329', '105451764', '383478996', '7436920295', '2499718979', '969486614', '801881167', '395398023', '9226746771', '36376278', '9818073627', '4744399874', '558210047', '48420178', '9665032437', '5659543654', '6166528375', '376676550', '940719717', '5145303553', '1301854836', '4760892970', '1961692711', '646456282', '870997422', '371737133', '149951772', '413408117', '99922354', '86435444375', '868079636', '532376497', '464404010', '11172206', '652064383', '510617813', '914678950', '703154250', '8990672777', '3523467697', '239185153', '262022656', '263433420', '256473128', '8587374460', '8493631217', '407186486', '111571715', '379849257', '6795281645', '92739166211']","['1643428535', '85085568774', '604550672', '7404473691', '538740184', '4074538230', '6130535518', '7058840086', '970791035', '6642481283', '5710923129', '810655522', '972911129', '2128646040', '1993606969', '668368763', '3837006936', '7856934769', '1896105028', '732924610', '779896261', '6843589678', '5114241868', '815462610', '9827439481', '6505553080', '5229712240', '307281963', '367866211', '310165414', '868176005', '2109298334', '828832620', '136016426', '868341406', '329788792', '9501008145', '75417477', '778791429', '9903780426', '5394689555', '426597961', '817138502', '405676706', '6113033090', '8019144144', '135628700', '9669709', '690599980', '611866215', '4606513738', '158305707', '7848649870', '521650078']",67.46987951807229%,"[{'Inventory_ID': 'INV-ZZ-5795696', 'Carrier_Code': 'ZZ', 'Flight_Number': 3688, 'Arrival_Date_Time': '22-05-2024 19:22', 'Departure_Date_Time': '22-05-2024 10:53', 'Departure_Airport': 'AMD', 'Arrival_Airport': 'DEL'}]","[[{'Inventory_ID': 'INV-ZZ-5744475', 'Carrier_Code': 'ZZ', 'Flight_Number': 3782, 'Arrival_Date_Time': '23-05-2024 07:24', 'Departure_Date_Time': '22-05-2024 15:57', 'Departure_Airport': 'AMD', 'Arrival_Airport': 'BLR'}, {'Inventory_ID': 'INV-ZZ-4541543', 'Carrier_Code': 'ZZ', 'Flight_Number': 3027, 'Arrival_Date_Time': '24-05-2024 02:58', 'Departure_Date_Time': '23-05-2024 18:48', 'Departure_Airport': 'BLR', 'Arrival_Airport': 'HYD'}], [{'Inventory_ID': 'INV-ZZ-9250282', 'Carrier_Code': 'ZZ', 'Flight_Number': 4780, 'Arrival_Date_Time': '23-05-2024 09:52', 'Departure_Date_Time': '22-05-2024 14:44', 'Departure_Airport': 'AMD', 'Arrival_Airport': 'HYD'}]]"
INV-ZZ-1595392,"['9273828696', '558320405', '220488889', '8051795514', '1365388812', '966063658', '281147025', '215263005', '778354566', '76098038', '2144951078', '956313380', '1022645', '3805552838', '581821334', '664888973', '9455394011', '931949967', '1550769723', '253660239', '7256024809', '4532173344', '954229050', '6443646056', '797098402', '871429530', '4953495106', '2164640347', '7944861424', '239727231', '6139710649', '677621338', '6157930', '8340480036', '1632910304', '681169672', '3315621139', '169523416', '6539967508', '496574464', '4280316584', '475378305', '5019743399', '3731916148', '5204075366', '192325591', '1802485028', '976117904', '902657873', '492151077', '252511101', '2780157800', '2589605606', '6215107132', '8378344046', '528697510', '731459607', '6685471174', '779610090', '414530334', '9761667800', '2724504574', '8769877325', '52592979955', '128908927', '269599841', '2162145792', '4498919356', '9591696081', '663141522', '930959830', '594848196', '3792573904', '879108821', '469925388', '261005260', '90090685779', '9952428148', '4586196401', '9153115381', '5991591534', '596828055', '7435358590', '14782237783', '6013706071', '8223419844', '6441647507', '9949935298', '886786317', '364597497', '544351570', '805809851', '7240206829', '205985463', '8365518925', '321413787', '5380483655', '671638512', '805887205', '3673323605', '17807750239', '3899033600', '8737851403', '5938401', '586392766', '945456728', '8547613583', '7909057616', '3500587873', '8688888197', '405653704', '7591113103', '821691057', '5786483934', '553149826', '699218798', '805838838', '81958311442', '8022835671', '906787109', '139881599', '522190881', '966818885', '705993098', '952835589', '47291525466', '5284960239', '692450735', '44552264', '858281687', '19544176', '8775008244', '63404543', '4626273572', '27212711', '6379745414', '648753464', '226304821', '406166837']","['982974970', '210466904', '1572295743', '11996265745', '47766313929', '235107184', '472224234', '5044764836', '995171881', '9155197773', '463574221', '9609857567', '93914920551', '985721594', '5605088766', '9551759948', '4784140748', '9011183367', '251572979', '307049519', '5619668926', '7535510415', '278709605', '132079064', '254737546', '3013724850', '797785353', '139447612', '5581197503', '3169819989', '999566812', '2466609823', '462397415', '8531964790', '957159102', '183122284', '79460558', '1552149988', '507368090', '74669873953', '3601106460', '243299781', '8403925846']",76.37362637362637%,"[{'Inventory_ID': 'INV-ZZ-9614625', 'Carrier_Code': 'ZZ', 'Flight_Number': 4140, 'Arrival_Date_Time': '12-05-2024 15:02', 'Departure_Date_Time': '12-05-2024 13:19', 'Departure_Airport': 'AMD', 'Arrival_Airport': 'MAA'}]","[[{'Inventory_ID': 'INV-ZZ-9319708', 'Carrier_Code': 'ZZ', 'Flight_Number': 3688, 'Arrival_Date_Time': '12-05-2024 19:22', 'Departure_Date_Time': '12-05-2024 10:53', 'Departure_Airport': 'AMD', 'Arrival_Airport': 'DEL'}], [{'Inventory_ID': 'INV-ZZ-6723698', 'Carrier_Code': 'ZZ', 'Flight_Number': 3041, 'Arrival_Date_Time': '12-05-2024 18:12', 'Departure_Date_Time': '12-05-2024 14:26', 'Departure_Airport': 'AMD', 'Arrival_Airport': 'BLR'}]]"
INV-ZZ-1992356,"['42406780356', '6135409271', '1573627247', '9646423031', '6017255929', '5616042542', '395569450', '9982016823', '3012246154', '9400343063', '451169978', '399289564', '951159133', '1203029075', '75058643', '520631944', '315622134', '1082854833', '703263039', '221092880', '1581202965', '58666915531', '5654206934', '294259488', '803941803', '8934942924', '522963180', '5420011201', '2860499119', '9778000941', '528873014', '5486060286', '6082624279', '335827503', '810275678', '5162078576', '5196164425', '622042478', '467278826', '9596849358', '2383361860', '159315326', '780995974', '993229466', '19995520186', '761649161', '929020583', '1738098713', '6335278447', '1050708412', '64039044076', '536270956', '8768917172', '8092965223', '58448313634', '743131654', '231902486', '25928914652', '637288813', '2964915819', '245439275', '1998251571', '177432785', '27863455', '8562974735', '729183056', '79280069', '4740188031', '8584072618', '472715989', '5038773667', '6405086191', '8138635505', '1494768698', '482914219', '8277177300', '517539126', '54951379', '4177673477', '916704504', '5918058403', '379298882', '4618977202', '661280797', '316259228', '47988599', '3693585771', '285349370', '3479513014', '599694936', '976160281', '153228075', '3599347788', '1199090440', '7775373926', '860652013', '1026593139', '165736395', '351487824', '4696595906', '772233622', '7389734160', '519190221', '636371951', '6545021157', '904136009', '7200900515', '1882332932', '19853665', '5562887066', '26681278963', '4201696761', '599655529', '5857485763', '575158142', '766732280', '452967794', '787407587', '1003609156', '102374714', '895004114', '9517456517', '527553043', '147430948', '7928704632', '411540534', '850653036', '796923526', '393917946', '6071794202', '2502648989', '7374857343', '775748996', '22657870988', '5115599117', '395480923', '2001415031', '337222836', '940633589', '2552913573', '1744374584', '671838732', '707567689', '3039939357', '7182401183', '8042818888', '237994889', '4665556948', '143360360', '404949133', '999544725']","['9051724816', '381689640', '790204818', '769063693', '515644185', '5223441436', '8633459517', '454608434', '2220509637', '836890303', '426013813', '6067734766', '3959363757', '72176913', '856428441', '71892196618', '4719754119', '3926159507', '150601881', '8974806209', '7091257165', '31157875', '464949833', '682996031', '1620044563', '6943270585', '338463117', '2937701567', '6836661705', '7590208824', '779463847', '622890058', '2028262351', '561849783', '7481437504', '1038814864', '1950100491']",80.31914893617021%,"[{'Inventory_ID': 'INV-ZZ-3622990', 'Carrier_Code': 'ZZ', 'Flight_Number': 4140, 'Arrival_Date_Time': '27-05-2024 15:02', 'Departure_Date_Time': '27-05-2024 13:19', 'Departure_Airport': 'AMD', 'Arrival_Airport': 'MAA'}]","[[{'Inventory_ID': 'INV-ZZ-4426236', 'Carrier_Code': 'ZZ', 'Flight_Number': 3041, 'Arrival_Date_Time': '27-05-2024 18:12', 'Departure_Date_Time': '27-05-2024 14:26', 'Departure_Airport': 'AMD', 'Arrival_Airport': 'BLR'}], [{'Inventory_ID': 'INV-ZZ-1509697', 'Carrier_Code': 'ZZ', 'Flight_Number': 4341, 'Arrival_Date_Time': '28-05-2024 16:53', 'Departure_Date_Time': '28-05-2024 09:32', 'Departure_Airport': 'AMD', 'Arrival_Airport': 'HYD'}]]"
INV-ZZ-4593004,"['9870542144', '262691992', '32387196', '377534619', '8786633659', '594233750', '492489016', '963597348', '685844779', '7343337774', '5123006248', '8371337523', '2684536014', '670762612', '2940279401', '136581665', '815317701', '4120035163', '146408668', '7771860660', '89507985', '388094925', '1800027449', '4947081322', '6379032353', '2223067611', '3066942804', '25044227', '7741699897', '198818600', '830655969', '6025796168', '581292440', '36792297422', '6126404478', '287807350', '9714005867', '2143835653', '5831156859', '4049245976', '2033180553', '797457847', '865542878', '9513072695', '393662254', '9589720576', '866626285', '7769670912', '642976867', '1689003876', '421873150', '383735228', '531859805', '975952610', '5623525430', '4342427103', '5913983450', '976687916', '5235736879', '9772161254', '340279031', '4568047238', '9155680767', '853254455', '3156234600', '628515484', '406456447', '1768163954', '4088979329', '724314285', '672351475', '895766357', '4655758043', '340973384', '631454471', '3122636676', '2959037328', '158435751', '4325087139', '602225262', '4118120023', '9991054195', '9226938116', '950232839', '9706538332', '545399062', '395330898', '38252330360', '6890038055', '241628165', '621006168', '74978714', '9289714919', '455665621', '179836063', '3121535032', '1254256821', '3400322880', '5568662276', '840984922', '2461268954', '673165458', '666323945', '7438500680', '496308162', '364313555', '416403607', '684597525', '3866876597', '9022966249', '5714279933', '757815273', '9516281149', '3873099004', '305402069', '288620270', '1288328725', '588434768', '4793500146', '43677178240', '448543070', '7412109031', '685608822', '382976775', '131749974', '6320973586', '922711387', '4161273185', '417741402', '5056975691', '827322887', '376957801', '922116652', '380704958', '786511132', '2828693943', '801332929', '866332590', '118188597', '724319880', '34331031', '40589956424', '9373226079', '244418787', '155251542', '683855733', '62769026', '2997525765', '9145631352', '7624895383']","['807862089', '4554231842', '143085440', '344941559', '7511935781', '8733775604', '2188740844', '215383944', '16429211', '421271597', '1134709191', '564828068', '3347147373', '1868029256', '84341255017', '563783272', '1094098086', '60722847417', '88425648', '6450888073', '1080820714', '9539175647', '667989208']",86.70520231213872%,"[{'Inventory_ID': 'INV-ZZ-7678248', 'Carrier_Code': 'ZZ', 'Flight_Number': 4140, 'Arrival_Date_Time': '21-05-2024 15:02', 'Departure_Date_Time': '21-05-2024 13:19', 'Departure_Airport': 'AMD', 'Arrival_Airport': 'MAA'}]","[[{'Inventory_ID': 'INV-ZZ-3258972', 'Carrier_Code': 'ZZ', 'Flight_Number': 3782, 'Arrival_Date_Time': '22-05-2024 07:24', 'Departure_Date_Time': '21-05-2024 15:57', 'Departure_Airport': 'AMD', 'Arrival_Airport': 'BLR'}, {'Inventory_ID': 'INV-ZZ-5742444', 'Carrier_Code': 'ZZ', 'Flight_Number': 3027, 'Arrival_Date_Time': '23-05-2024 02:58', 'Departure_Date_Time': '22-05-2024 18:48', 'Departure_Airport': 'BLR', 'Arrival_Airport': 'HYD'}], [{'Inventory_ID': 'INV-ZZ-6580254', 'Carrier_Code': 'ZZ', 'Flight_Number': 4780, 'Arrival_Date_Time': '22-05-2024 09:52', 'Departure_Date_Time': '21-05-2024 14:44', 'Departure_Airport': 'AMD', 'Arrival_Airport': 'HYD'}]]"
INV-ZZ-6852033,"['1954044302', '2691805288', '7150020825', '492721116', '485963183', '336760188', '4211226878', '843032035', '439369679', '681685034', '751574060', '771818988', '698515219', '102333305', '557106320', '726802625', '670836651', '4926541809', '1721636682', '2522760974', '664034446', '555692730', '655992307', '985088427', '87609077', '405107290', '8707140290', '627326755', '637361408', '389298739', '961902089', '3584526806', '69255919', '68119186', '2917100063', '604938237', '821898416', '80802340814', '1009218023', '313827815', '9251023004', '30768706555', '4374606338', '1994526964', '674262436', '235928782', '1100721691', '1468810124', '561858228', '324315639', '263170010', '518901431', '124501210', '2736986000', '8725014', '137784511', '3484995932', '866253626', '3105887622', '40264417090', '211032190', '887511411', '558868130', '887697103', '791348125', '259540844', '777340458', '155798145', '459330960', '6694447574', '520034345', '8244743065', '4417382847', '5432654171', '7780323847', '1226487796', '6253546062', '6044187684', '4704121159', '228928576', '58607616', '280130176', '981534861', '399991296', '1948320083', '821949380', '253958163', '70696776656', '573647467', '575803000', '174887813', '317228202', '7747862472', '17279170735', '575493994', '115402055', '6800636002', '772990412', '9245890574', '30472904862', '3317606944', '22441847', '277828548', '2960840639', '987321056', '773434702', '447677008', '133514672', '6319401688', '1180577825', '3349363401', '1502189152', '186821246', '5638264441', '43481732101', '7162456782', '3964898674', '3356051416', '1226857725', '653038756', '6205504908', '766843622', '691186089', '506610631', '443632808', '154740841', '362325303', '872443589', '9822267324', '773284994', '6097322795', '8509442697', '4107818827', '7525679918', '4519578869', '70257093', '3425757038', '4720265165', '219677876', '8984430945', '428138479', '788603194', '809660022', '5083553045', '425756696', '60418268376', '960516572', '3486925155', '558283172']","['116475888', '291526124', '867552826', '7234943409', '22923316600', '5274192733', '392006180', '127553395', '56881310', '1795598273', '69322479', '191622938', '459961941', '1418619362', '599877469', '1667004043', '3690976', '8028341826', '757030562', '768067352', '7382028276', '9023851309', '978275880', '6656875377', '4925423709', '6924236413', '743867272', '323888492', '461803816', '46558910', '8588826957', '8998448152', '28259010303', '58742790154']",81.4207650273224%,"[{'Inventory_ID': 'INV-ZZ-3573027', 'Carrier_Code': 'ZZ', 'Flight_Number': 4140, 'Arrival_Date_Time': '07-05-2024 15:02', 'Departure_Date_Time': '07-05-2024 13:19', 'Departure_Airport': 'AMD', 'Arrival_Airport': 'MAA'}]","[[{'Inventory_ID': 'INV-ZZ-7272907', 'Carrier_Code': 'ZZ', 'Flight_Number': 4780, 'Arrival_Date_Time': '08-05-2024 09:52', 'Departure_Date_Time': '07-05-2024 14:44', 'Departure_Airport': 'AMD', 'Arrival_Airport': 'HYD'}], [{'Inventory_ID': 'INV-ZZ-3276390', 'Carrier_Code': 'ZZ', 'Flight_Number': 4780, 'Arrival_Date_Time': '09-05-2024 09:52', 'Departure_Date_Time': '08-05-2024 14:44', 'Departure_Airport': 'AMD', 'Arrival_Airport': 'HYD'}]]"
INV-ZZ-2354255,"['9870317853', '3731498088', '276836823', '2588851189', '3630317568', '8799820319', '9386509482', '6347889724', '325713714', '237419700', '3143067386', '7768757869', '9996036579', '6021055214', '2802056511', '6361983133', '7076334348', '7254456622', '84087412', '599474527', '7276809663', '75927837', '699961584', '195336677', '227281821', '57715048562', '5151099863', '6186440041', '647888993', '4462955616', '407019052', '60999915052', '7245274810', '857922934', '6608534846', '531626063', '92651541', '287545352', '3488555508', '477260409', '7927093242', '615968736', '3180943903', '4293963963', '44354937', '388822038', '475641442', '527520411', '3418830839', '3434654019', '447064423', '4574804368', '9064973971', '1122776607', '448996911', '3411642227', '226504182', '830087993', '122020208', '912167217', '1061183175', '282981598', '629821525', '9026590192', '442559573', '6101099186', '1623327280', '967090693', '1459067487', '766985159', '20861312', '8740359658', '2373626007', '6591916438', '1447703845', '8651493277', '811617936', '547232570', '16040381444', '232497010', '3669491376', '2644105334', '7952728413', '45513816983', '2451269697', '5518449702', '7172174069', '5946417357', '8905966102', '539243172', '993373128', '9548529862', '314066267', '379247563', '1933185664', '3183155584', '303260343', '36990510488', '7140030748', '503673938', '1445243606', '9648899692', '2256527555', '868955394', '5604670689', '580805195', '1901534804', '853080886', '775542799', '487230970', '2692118674', '8360321544', '6723906957', '5555974194', '9285650064', '1870610774', '688130308', '3230763783']","['288351865', '970450134', '9765053339', '9271153313', '296455609', '2215613614', '181288528', '357006639', '2372967609', '8232102521', '5511379462', '5133712052', '7111370581', '5279661682', '72247055', '1893056746', '1459357415', '58269773324', '644558951', '88324211264', '533768218', '963585970', '8112495058', '1138052008', '8420665733', '761360267', '7997867421', '428834977', '218755258', '8754618813', '5678756001', '7752941459', '632462926', '410521765', '575901664', '5728508218', '5635571878', '6072042657', '6958621918', '6986002443', '503247680', '92176673', '5411986828', '1441270229', '3236213168', '9343777996', '5315939078', '839757984', '9328700669', '101504127', '195921125', '567398466', '37711338', '16784046517', '523115574', '780800896', '836791877', '672520869', '101269154', '6907049068', '4945188', '8680013851', '1377391114', '9534969986', '88196975558', '1019157545']",64.13043478260869%,"[{'Inventory_ID': 'INV-ZZ-4220446', 'Carrier_Code': 'ZZ', 'Flight_Number': 3688, 'Arrival_Date_Time': '29-05-2024 19:22', 'Departure_Date_Time': '29-05-2024 10:53', 'Departure_Airport': 'AMD', 'Arrival_Airport': 'DEL'}]","[[{'Inventory_ID': 'INV-ZZ-8700507', 'Carrier_Code': 'ZZ', 'Flight_Number': 4780, 'Arrival_Date_Time': '30-05-2024 09:52', 'Departure_Date_Time': '29-05-2024 14:44', 'Departure_Airport': 'AMD', 'Arrival_Airport': 'HYD'}], [{'Inventory_ID': 'INV-ZZ-6717278', 'Carrier_Code': 'ZZ', 'Flight_Number': 3782, 'Arrival_Date_Time': '30-05-2024 07:24', 'Departure_Date_Time': '29-05-2024 15:57', 'Departure_Airport': 'AMD', 'Arrival_Airport': 'BLR'}, {'Inventory_ID': 'INV-ZZ-9399965', 'Carrier_Code': 'ZZ', 'Flight_Number': 3027, 'Arrival_Date_Time': '31-05-2024 02:58', 'Departure_Date_Time': '30-05-2024 18:48', 'Departure_Airport': 'BLR', 'Arrival_Airport': 'HYD'}]]"
INV-ZZ-7065859,"['277404879', '508304396', '782673019', '9524861387', '876660115', '447145808', '2086717164', '911502018', '9169207776', '77088718', '186511587', '6708100963', '9702111830', '80112230', '5475037742', '229788064', '9374578968', '263031618', '559712713', '36358412563', '795291667', '1013237501', '4584705378', '8708035835', '6042084993', '7841636411', '3387566933', '961250341', '7493368164', '7762092585', '940038754', '931072616', '202367910', '115836607', '134369028', '10511441969', '674307973', '1018516350', '9796624162', '5431621438', '4420136384', '579575283', '555329118', '273476246', '398322711', '149401063', '933334788', '607130388', '6134328269', '233877332', '417672612', '801309130', '158604222', '414896953', '4244107382', '2536478311', '483694805', '45557746963', '6588350285', '625253512', '705529260', '717540130', '846778179', '48913767888', '948456881', '740875631', '6213545546', '572243736', '524422377', '9626607193', '54366790', '409338771', '4326181289', '6673640102', '866162226', '779620176', '456380822', '7761936913', '3923004117', '1877399409', '32944678', '8038079497', '200536526', '574509965', '5913391392', '765764970', '3061061802', '6488688527', '545686920', '736019920', '7925197622', '351938301', '308815127', '7631393823', '2602909216', '133141553', '819757858', '945335288', '361761464', '745210425', '2633354567', '316732339', '506977460', '920120758', '131982065', '310041420', '9923874516', '8460862512']","['4646820520', '2140200786', '2027290113', '476457419', '714106526', '5288181267', '987707461', '7448257469', '64083625', '8859037227', '43710206', '959131877', '601282828', '620169956', '1819696572', '2775146485', '100274578', '77378591988', '131459731', '20659466533', '7651836597', '3317319360', '726138389', '8223216507', '3206550089', '2066901133', '452613367', '690609638', '1877169468', '241049495', '265121517', '5671531912', '981695793', '619670097', '4976425177', '565744416', '196974994', '726175636', '339279904', '2813792837', '4101155223', '192827044', '123088723', '549437142', '337942261', '606332327', '21246922473', '4612951571', '53961709', '1587072791', '839548518', '2984648287', '3766372105', '568150063', '764304862', '972585174', '5614530890', '6660929594', '3389826024', '308040208', '198937044', '717868599', '5080733774', '669042837', '9205741513', '970419044', '200502239', '46245078', '3664992021', '193695748', '781226520']",60.33519553072626%,"[{'Inventory_ID': 'INV-ZZ-8181245', 'Carrier_Code': 'ZZ', 'Flight_Number': 3688, 'Arrival_Date_Time': '08-05-2024 19:22', 'Departure_Date_Time': '08-05-2024 10:53', 'Departure_Airport': 'AMD', 'Arrival_Airport': 'DEL'}]","[[{'Inventory_ID': 'INV-ZZ-7878719', 'Carrier_Code': 'ZZ', 'Flight_Number': 4780, 'Arrival_Date_Time': '10-05-2024 09:52', 'Departure_Date_Time': '09-05-2024 14:44', 'Departure_Airport': 'AMD', 'Arrival_Airport': 'HYD'}], [{'Inventory_ID': 'INV-ZZ-3276390', 'Carrier_Code': 'ZZ', 'Flight_Number': 4780, 'Arrival_Date_Time': '09-05-2024 09:52', 'Departure_Date_Time': '08-05-2024 14:44', 'Departure_Airport': 'AMD', 'Arrival_Airport': 'HYD'}]]"
INV-ZZ-2774494,"['9246992616', '1569691760', '252974895', '365486998', '5785734028', '477892586', '702854576', '602567682', '531639369', '836857147', '153209358', '4637416294', '4568773545', '1480793429', '8354747817', '187096334', '926189132', '3590114942', '298840447', '627382239', '5215407649', '921587686', '2626085475', '707274905', '68927504872', '2542019447', '8240950304', '319496673', '8962240977', '889524688', '718559880', '5599676474', '843557686', '3904355147', '5343994283', '95459104119', '387368386', '7725401378', '536238880', '9509569058', '23928409', '233348864', '708606117', '222224501', '429459414', '7330815078', '70426614687', '786327630', '684528088', '90425590', '818193855', '5757112063', '9468123757', '516272592', '443003377', '46766461', '9418698085', '5809090212', '155716728', '6792743085', '7782326586', '656094816', '2732375553', '4590799957', '717346218', '5086665148', '237969742', '875953085', '356956877', '489115052', '4705551688', '9163786271', '528151569', '3444975429', '3214919097', '510979958', '8237516051', '824424736', '7375346278', '643396566', '678301473', '8343859372', '298315927', '9178987454', '887307738', '333705264', '1867880549', '633725606', '451360793', '1968840017', '6280106533', '7394108848', '5746757988', '5144174243', '6406652381', '800846157', '3885888359', '362851934', '877551532', '743791492', '3101346724', '2383979983', '2982940542', '7907687123', '950574888', '4292436142', '9470247174', '798165380', '7154151653', '3946451875', '74891497552', '6404940727', '4012566937', '1419841991', '450080873', '802158451', '3322639269', '3669714045', '8059617480', '9042626427', '265846548', '146440423', '459013346', '4153236769', '570053769', '757576997', '422352373']","['613567825', '3474833594', '890915572', '609322721', '1317358725', '469546453', '54149406', '391598811', '194491700', '672557552', '100463008', '567537150', '2928106487', '5258560903', '2794429943', '660091716', '178178890', '284018767', '342761628', '6332738873', '378803241', '105750888', '469458343', '183463771', '3302333946', '8589002640', '9690106936', '715028051', '345220615', '2040173103', '195528089', '42203898', '50821733', '451858747', '5144256994', '944051003', '54800342', '1709385440', '5734111525', '894366109', '801761545', '480644286', '530263304', '3385633079', '125741991', '61203600']",73.41040462427746%,"[{'Inventory_ID': 'INV-ZZ-7457304', 'Carrier_Code': 'ZZ', 'Flight_Number': 4140, 'Arrival_Date_Time': '05-05-2024 15:02', 'Departure_Date_Time': '05-05-2024 13:19', 'Departure_Airport': 'AMD', 'Arrival_Airport': 'MAA'}]","[[{'Inventory_ID': 'INV-ZZ-9418007', 'Carrier_Code': 'ZZ', 'Flight_Number': 3041, 'Arrival_Date_Time': '05-05-2024 18:12', 'Departure_Date_Time': '05-05-2024 14:26', 'Departure_Airport': 'AMD', 'Arrival_Airport': 'BLR'}], [{'Inventory_ID': 'INV-ZZ-4724030', 'Carrier_Code': 'ZZ', 'Flight_Number': 3688, 'Arrival_Date_Time': '05-05-2024 19:22', 'Departure_Date_Time': '05-05-2024 10:53', 'Departure_Airport': 'AMD', 'Arrival_Airport': 'DEL'}]]"
INV-ZZ-1676817,"['751912922', '371664966', '897478968', '622677551', '802230027', '4946510857', '697116262', '178854956', '926286379', '916036192', '612295632', '984559676', '619913319', '4117222419', '8819752979', '3801523955', '3478562684', '466911440', '7306187545', '5404243031', '1836250343', '548164691', '5022602140', '249876836', '492035739', '817445411', '363803828', '731370788', '164305976', '8978127747', '4105146249', '253220270', '742924095', '32348250', '4858942187', '9854066304', '2886410', '5884941582', '6402929723', '939189131', '867851905', '7023390180', '9408553433', '18845442780', '5778932003', '1654990128', '9841686350', '879409130', '372606000', '486314074', '764299714', '6074887532', '5343809193', '4419666073', '433554085', '398585410', '970522760', '4030483740', '2094914113', '409093997', '7541914889', '835960382', '4223221404', '6122225060', '6402455195', '9010174492', '7963892', '9789499513', '281123283', '527387751', '534049861', '76931046', '71217682044', '357155076', '731524627', '6153086660', '829829908', '532274075', '459197779', '4718753976', '492508995', '5160361522', '9166635349', '8945405094', '324261704', '430179033', '482428358', '841589373', '2866203070', '3127039437', '9351830623']","['185610153', '5948008166', '78186622566', '891182289', '862235656', '66598696', '588654198', '36010532', '8315982785', '118813087', '2249790', '4235354684', '357901971', '1580083252', '186343637', '670271528', '578941905', '855527278', '411074753', '719498189', '3178071373', '29770205', '9251713397', '3819330066', '442123560', '872868945', '918351775', '681239981', '198936864', '348510835', '7128238052', '4473519805', '800536907', '8590763494', '3807540489', '6055554881', '2873269999', '660686493', '247575365', '3037537317', '710578942', '399863048', '8508971588', '8917521592', '82312745718', '197312838', '416577796', '271384955', '557432399']",65.0%,"[{'Inventory_ID': 'INV-ZZ-2997334', 'Carrier_Code': 'ZZ', 'Flight_Number': 4341, 'Arrival_Date_Time': '13-06-2024 16:53', 'Departure_Date_Time': '13-06-2024 09:32', 'Departure_Airport': 'AMD', 'Arrival_Airport': 'HYD'}]","[[{'Inventory_ID': 'INV-ZZ-2197648', 'Carrier_Code': 'ZZ', 'Flight_Number': 4780, 'Arrival_Date_Time': '13-06-2024 09:52', 'Departure_Date_Time': '12-06-2024 14:44', 'Departure_Airport': 'AMD', 'Arrival_Airport': 'HYD'}], [{'Inventory_ID': 'INV-ZZ-4505598', 'Carrier_Code': 'ZZ', 'Flight_Number': 4780, 'Arrival_Date_Time': '14-06-2024 09:52', 'Departure_Date_Time': '13-06-2024 14:44', 'Departure_Airport': 'AMD', 'Arrival_Airport': 'HYD'}]]"
INV-ZZ-2014595,"['501842241', '9642675747', '7891804224', '282666400', '734700129', '638046485', '786654804', '947666807', '667937844', '498809178', '2314461576', '5522411196', '930800998', '7759373722', '76672293867', '791399533', '3563765084', '8783938145', '41488408181', '4091760216', '8434764826', '4858297136', '666852051', '1694380626', '173317397', '295229231', '5569843205', '6641232911', '426864280', '231069000', '3565713276', '1689631358', '84472791', '8758861624', '91122776546', '8123361854', '3503152993', '4299849712', '116381675', '7017005485', '411612757', '1266615971', '244277006', '3309123425', '1570103398', '1010927353', '1849986655', '39032684', '292893010', '132295086', '8505887690', '1274805267', '7195836303', '7151353529', '8498743560', '250559648', '585862547', '724721097', '679094402', '387840130', '39502788336', '308822822', '716760150', '250823850', '765953114', '183138828', '902058436', '742283832', '482690177', '682196274', '824925171', '64455885001', '5899338614', '129361202', '4275164120', '3920049099', '3495788733', '3961410447', '6433115545', '874236112', '844683896', '1256243014', '8069718248', '3596299129', '801090221', '4648483615', '9638734560', '4396474415', '6771350084', '52419065', '85627962769', '649057214', '283319439']","['7801846366', '79145374', '153950940', '641780319', '949753732', '6000820423', '232148996', '6359750870', '251464061', '15351901', '35478419', '450253072', '531925387', '389180135', '484584735', '5545943079', '2389447174', '12283578905', '7081795943', '289484837', '392179164', '446796027', '922484081', '398133940', '11347327', '796265244', '240448315', '129153670', '6592809014', '65718334', '96974880349', '970839133', '7455274135', '2075727458', '881096569', '999068562', '2045138176', '5546179330', '1660762906', '546227645', '4801697824', '4557766148', '4296637', '297197909', '465396310', '6249958912', '836749470', '855645711', '33395737255', '308864755', '9433188875', '3535376806', '7524076736', '5797670666', '405418057', '641090602', '6335621011', '61682230', '57314358901', '1395817426', '8292382202', '338217571', '166703819', '3023384849', '502306125', '3668883043', '6718731883', '7231347959', '966517929', '3588035589', '702788067']",56.70731707317073%,"[{'Inventory_ID': 'INV-ZZ-4339360', 'Carrier_Code': 'ZZ', 'Flight_Number': 4341, 'Arrival_Date_Time': '06-06-2024 16:53', 'Departure_Date_Time': '06-06-2024 09:32', 'Departure_Airport': 'AMD', 'Arrival_Airport': 'HYD'}]","[[{'Inventory_ID': 'INV-ZZ-2500372', 'Carrier_Code': 'ZZ', 'Flight_Number': 4780, 'Arrival_Date_Time': '07-06-2024 09:52', 'Departure_Date_Time': '06-06-2024 14:44', 'Departure_Airport': 'AMD', 'Arrival_Airport': 'HYD'}], [{'Inventory_ID': 'INV-ZZ-7712220', 'Carrier_Code': 'ZZ', 'Flight_Number': 4780, 'Arrival_Date_Time': '06-06-2024 09:52', 'Departure_Date_Time': '05-06-2024 14:44', 'Departure_Airport': 'AMD', 'Arrival_Airport': 'HYD'}]]"
INV-ZZ-1796152,"['5010205715', '731491169', '975900459', '1278480806', '7908470145', '5570773784', '7231925079', '509358865', '1722194353', '8645512973', '534129153', '5321773932', '948139968', '4122850133', '1113082955', '783596328', '470046662', '3749870931', '6420676206', '464115826', '9767644901', '3841204360', '4473054054', '3939084957', '333509915', '6621217840', '126384112', '1249105150', '18023895', '778605664', '529202251', '762364359', '6873455890', '165281462', '23440423', '113387403', '7121615906', '5472769473', '462713191', '2465216499', '994562844', '204970519', '990992910', '528575620', '528727535', '9787745946', '386409877', '236179876', '155987926', '7254474282', '1779535963', '657218318', '448706', '7760835242', '473447207', '359756327', '3132715792', '4554009839', '958402762', '876526076', '659206565', '99979615', '937769231', '9112076388', '1252922789', '101949779', '392736800', '512776517', '546571060', '2517534776', '2579015983', '40279923881', '7857461131', '177076177', '598594564', '122152161', '5662034061', '6233513726', '499082729', '8150201820', '4473643796', '780163241', '9547778150', '29629960', '1714542351', '287473022', '2950785551', '236308197', '1477875112', '725528853', '451415259', '297207590', '4311522496', '958115329', '6928275204', '3330792014', '41426882881', '34593048', '547165450', '511276355', '550028705', '792319473', '4441385849', '431506058', '783066349', '523356497', '5911391384', '8794316946', '317558416', '7615268076', '8867075896', '73406812283', '7709321975', '541390291', '651128947', '9113092259', '7247628257', '248871275', '828599192', '596871339', '1492460432', '915101377', '919563106', '2150077751', '2614095760', '466908738', '2444314860', '925178714', '9472978238', '762053101', '689530409', '88402669466', '6390330484', '7077575036', '88266375766', '1188475216', '246184783', '9937361536', '88901328551', '8337616419', '68171631', '692485565', '8568747122', '7630901667', '577709499', '8277649217', '614796932', '9549777363', '347783505']","['751567437', '283410784', '7490095143', '1571438455', '8705946106', '129599452', '27434021404', '963918423']",94.90445859872611%,"[{'Inventory_ID': 'INV-ZZ-4584322', 'Carrier_Code': 'ZZ', 'Flight_Number': 4140, 'Arrival_Date_Time': '03-06-2024 15:02', 'Departure_Date_Time': '03-06-2024 13:19', 'Departure_Airport': 'AMD', 'Arrival_Airport': 'MAA'}]","[[{'Inventory_ID': 'INV-ZZ-5651881', 'Carrier_Code': 'ZZ', 'Flight_Number': 4341, 'Arrival_Date_Time': '04-06-2024 16:53', 'Departure_Date_Time': '04-06-2024 09:32', 'Departure_Airport': 'AMD', 'Arrival_Airport': 'HYD'}], [{'Inventory_ID': 'INV-ZZ-1748559', 'Carrier_Code': 'ZZ', 'Flight_Number': 4780, 'Arrival_Date_Time': '05-06-2024 09:52', 'Departure_Date_Time': '04-06-2024 14:44', 'Departure_Airport': 'AMD', 'Arrival_Airport': 'HYD'}]]"
INV-ZZ-2946425,"['870293058', '119790316', '430948303', '6210400351', '7393795106', '9606446679', '844523044', '809985072', '838047883', '3320633943', '357041379', '9679494307', '590703031', '9245378418', '257091306', '807154977', '7573301897', '532934530', '12875332', '1879060362', '224285846', '6769290305', '964933594', '527174392', '4197235054', '9930882756', '544085922', '2017380323', '761420130', '4858028394', '32987311651', '6500341', '34888013440', '457930919', '214163550', '99301174063', '543432287', '9922286', '978150657', '1244780817', '1530031341', '6729918939', '5654525884', '528101902', '562280499', '7913270272', '240973227', '743114373', '560178321', '314915628', '387329899', '637278523', '466028010', '9865546010', '5840138796', '142928234', '1147909100', '321210504', '623628348', '5789725295', '2845035168', '26908255410', '9969136387', '85815391', '6015517466', '2258090908', '2138115024', '404115780', '9884762230', '4031123176', '8914508009', '79552551233', '3346341356', '60917148', '4276059009', '5286577514', '8359713421', '1552565475', '696939232', '64240794088', '9985351957', '7943967419', '59123415786', '2484146895', '542325307', '3359084784', '4643167066', '3671806976', '9198203634', '77754929', '799171800', '1325829503', '624504096', '8542349670', '9185698570', '9583351906', '3714069056', '325915436', '183975353', '8100347309', '7368116252', '471372252', '1110528409', '9426689882', '5834650435', '9966205610', '131785850', '305982911', '218718786', '408518857', '79232926', '7959534617', '4144709301', '580329311', '778138582', '28419232', '9247758227', '420037067', '9403599241', '3304747889', '4406811874', '33034390', '6657533678', '999486945', '4315010003', '6472431183', '34961183', '9959072222', '65350205168', '975512040', '911083615', '7551181384', '7988942065', '954782106', '40580606', '8767067144', '847488423', '926137340', '7779498174', '9160926885', '9053509696', '140965454', '5873705700', '106731450', '616461631', '1552576914', '936268299', '524174534', '2083589927']","['5663075463', '5272350355', '858962311', '6948608694', '2667170005', '4876379053', '9769320768', '537031667', '1327388112', '8608134971', '4480648336', '933233801', '442741658', '655235276', '979069600', '3053196664', '670292250']",89.7590361445783%,"[{'Inventory_ID': 'INV-ZZ-9853634', 'Carrier_Code': 'ZZ', 'Flight_Number': 4140, 'Arrival_Date_Time': '13-05-2024 15:02', 'Departure_Date_Time': '13-05-2024 13:19', 'Departure_Airport': 'AMD', 'Arrival_Airport': 'MAA'}]","[[{'Inventory_ID': 'INV-ZZ-9853634', 'Carrier_Code': 'ZZ', 'Flight_Number': 4140, 'Arrival_Date_Time': '13-05-2024 15:02', 'Departure_Date_Time': '13-05-2024 13:19', 'Departure_Airport': 'AMD', 'Arrival_Airport': 'MAA'}, {'Inventory_ID': 'INV-ZZ-4805867', 'Carrier_Code': 'ZZ', 'Flight_Number': 4341, 'Arrival_Date_Time': '13-05-2024 22:11', 'Departure_Date_Time': '13-05-2024 17:09', 'Departure_Airport': 'MAA', 'Arrival_Airport': 'CJB'}], [{'Inventory_ID': 'INV-ZZ-3456701', 'Carrier_Code': 'ZZ', 'Flight_Number': 3041, 'Arrival_Date_Time': '13-05-2024 18:12', 'Departure_Date_Time': '13-05-2024 14:26', 'Departure_Airport': 'AMD', 'Arrival_Airport': 'BLR'}]]"
INV-ZZ-8324457,"['13939937', '5501391522', '21132166295', '8456131746', '125092978', '470970280', '570718724', '325665715', '4614225851', '923020574', '4325461986', '1884923451', '1520701037', '3962332655', '627014180', '2841403226', '6309691785', '226305627', '408722267', '7794974240', '986403817', '170909886', '2570525052', '2307589653', '362790372', '198759117', '335156711', '903586490', '448633963', '629991575', '9082446090', '596029132', '6549425325', '7165488508', '1362234617', '1829285465', '714960205', '170737985', '748665821', '4159295419', '8825047290', '675640477', '6891084648', '7393736221', '418833271', '361888047', '9313209007', '103498378', '1534499926', '790490304', '697573171', '298351186', '364469239', '522462741', '282030549', '40936469', '5302169450', '9020988919', '930120868', '7741467639', '8962400509', '7883474084', '969000000000', '8854619474', '5813968170', '5043095615', '445961707', '910700575', '13429073551', '471866514', '753428863', '215181263', '443000000000', '4253392421', '81426016928', '5281050422', '478025222', '95944302817', '344542664', '4545539', '770787371', '623784032', '3575119298', '220965854', '151771960', '9041977016', '867926406', '237598055', '190575771', '3116356092', '8749129803', '9673950632', '160241015', '2060063708', '6230034799', '481429585', '6763893836', '1657519343', '8325085733', '677000000000', '4183303416', '2472301178', '361124888', '283474573', '2504741896', '460559597', '7399187390', '9092534185', '175058029', '1953254725', '311956920', '6156796441', '213915940', '805705192', '51254379', '904445598', '477975528', '7663380387', '196000000000', '662657018', '615117668', '368167150', '2581037029', '9946712304', '3324069011', '327708685', '543604747', '5177456461', '553469252', '9438408094', '941906090', '8448425609', '165646550', '618864369', '10142433039', '4755647035', '451751490', '2056312467', '519179766', '421515506', '9888014632', '341746792', '7914548103']",[],100.0%,"[{'Inventory_ID': 'INV-ZZ-7212744', 'Carrier_Code': 'ZZ', 'Flight_Number': 2678, 'Arrival_Date_Time': '18-06-2024 01:45', 'Departure_Date_Time': '17-06-2024 16:00', 'Departure_Airport': 'AMD', 'Arrival_Airport': 'BOM'}]","[[{'Inventory_ID': 'INV-ZZ-2935025', 'Carrier_Code': 'ZZ', 'Flight_Number': 4957, 'Arrival_Date_Time': '18-06-2024 21:50', 'Departure_Date_Time': '18-06-2024 10:19', 'Departure_Airport': 'AMD', 'Arrival_Airport': 'BLR'}], [{'Inventory_ID': 'INV-ZZ-2921679', 'Carrier_Code': 'ZZ', 'Flight_Number': 4341, 'Arrival_Date_Time': '18-06-2024 16:53', 'Departure_Date_Time': '18-06-2024 09:32', 'Departure_Airport': 'AMD', 'Arrival_Airport': 'HYD'}]]"
INV-ZZ-1617071,"['679894950', '7965768773', '4261559434', '7466951308', '75411127', '2419083532', '206342950', '3173750424', '736513632', '831835068', '2227297726', '932324412', '9913650181', '983180109', '284080353', '1992933985', '3353223155', '92007132', '595400192', '667178981', '259757353', '7304596064', '668910223', '4567678444', '6465649621', '73335106', '7264777730', '2307928030', '9289992048', '5421818588', '2011115749', '6577548813', '4732223684', '519588175', '5195964332', '2521007101', '9626443953', '663977599', '8507952540', '8999376091', '511053305', '274830975', '842222508', '6271117907', '354062221', '2604289607', '362716588', '8371340914', '7053488421', '735107553', '6335028461', '755178496', '171834960', '916480884', '14888134', '81959348288', '227979583', '1848900888', '913074827', '462903433', '6379966210', '357047256', '125646265', '6774662346', '4002746111', '230629460', '7265017936', '790061754', '52419989882', '730394614', '12484548749', '7376253240', '123201024', '9662720893', '893301083', '225982307', '241633979', '3111297973', '788412893', '5614421144', '5031863058', '748559105', '6909881834', '8761353385', '5989312852', '9755821295', '366342054', '8661160688', '238391043', '5742485443', '773174990', '633786537', '1025837414', '725771951', '514877690', '872071244', '5380339369', '836825064', '1930945012', '153938183', '697042361', '437016157', '376112638', '8435521426', '4078338625', '950585345', '4629818897', '9420880410', '8533671389', '3137224310', '567397012', '910608063', '563795417', '7410279330', '4356928968', '7796514095', '235261962', '4911157067', '691080586', '861833186', '4280416723', '4296808846', '21075363', '902043084', '5381644072', '3635371848', '4189402718', '901692261', '4542331184', '39906395950', '86135128', '3273355484', '427787583', '4731476807', '124017247', '766729073', '6348154630', '618897267', '339712555', '508022777', '464529500', '4343671762', '289136384', '982106976', '1664471028', '3293248641']","['327669378', '5459400848', '457009353', '804084172', '2185432641', '297465865', '3992655692', '6271344431', '2631473444', '2305622564', '2302036920', '575311772', '1117084178', '787160136', '741042665', '2142763365', '7015655889', '123286836', '8873982462', '6958563570', '23494952', '9915036551', '591326325', '2486540456', '939863812', '639954384', '711271410']",84.39306358381504%,"[{'Inventory_ID': 'INV-ZZ-1096205', 'Carrier_Code': 'ZZ', 'Flight_Number': 4140, 'Arrival_Date_Time': '20-05-2024 15:02', 'Departure_Date_Time': '20-05-2024 13:19', 'Departure_Airport': 'AMD', 'Arrival_Airport': 'MAA'}]","[[{'Inventory_ID': 'INV-ZZ-4725843', 'Carrier_Code': 'ZZ', 'Flight_Number': 3041, 'Arrival_Date_Time': '20-05-2024 18:12', 'Departure_Date_Time': '20-05-2024 14:26', 'Departure_Airport': 'AMD', 'Arrival_Airport': 'BLR'}], [{'Inventory_ID': 'INV-ZZ-3705458', 'Carrier_Code': 'ZZ', 'Flight_Number': 4341, 'Arrival_Date_Time': '21-05-2024 16:53', 'Departure_Date_Time': '21-05-2024 09:32', 'Departure_Airport': 'AMD', 'Arrival_Airport': 'HYD'}]]"
INV-ZZ-4268320,"['2483055929', '8257563703', '701572503', '7244638858', '142109992', '9301742832', '105601176', '5213440992', '5913459456', '996099255', '8818188333', '5808947585', '8381287947', '4081514090', '8739512342', '860444339', '283209598', '9388748687', '982904537', '743851390', '95677423', '6645771680', '6562479830', '5815138495', '1487227257', '425807546', '2564157190', '9613718167', '3323843940', '187342398', '312694012', '3693954101', '78660269674', '158077166', '6855327283', '925261623', '7983021351', '2336165577', '910977041', '239898022', '906972172', '8634605425', '8904142523', '752605556', '222562760', '3173934795', '705576526', '54264259', '4033546571', '6011691130', '78112917', '414571193', '864437378', '918607884', '2944184596', '379837262', '777735794', '3623203337', '6918126299', '1540827521', '7970578372', '2944068174', '3644867778', '1668302148', '219841480', '9916326219', '9399177540', '560985675', '4197078336', '3989085181', '470529261', '651842858', '476248343', '989002018', '624838301', '17974871', '58246117521', '140645901', '59872637', '9505855228', '5627482722', '544895885', '189923054', '5965417092', '4363718623', '4951402480', '8493756958', '4489910594', '714267887', '1991872578', '6873525445', '5790847060', '2204704', '7320177609', '301300954', '459450063', '559626323', '184185546', '417511526', '130537397', '767776682', '8405227100', '6160815909', '1946180266', '4284936713', '849151651', '814080716', '2441633228', '8821730589', '306092179', '8180919299', '230500579', '269126277', '7823439975', '722000522', '2631345818']","['871550771', '1419713905', '5945494768', '989161698', '161980490', '199141744', '9136275453', '128629324', '714582230', '872686639', '991110915', '3993662308', '4737643022', '2150467748', '7404701126', '666530857', '574014095', '82518070067', '95935782', '213830096', '998287602', '1513039902', '961200268', '3690613819', '331582665', '2306623471', '911870299', '275829139', '591827430', '842266395', '790871354', '590013783', '828173921', '9053751506', '729551313', '6991305672', '5621022952', '1413007850', '460580056', '6665347324', '244528435', '92427270577', '141543248', '5148659574', '286986614', '1148020674', '3805800334', '905669064', '8402112704', '8216403221', '450045985', '603495077', '7377735624', '450720515', '9221609547', '772643166', '814325689', '977916916', '3991938024', '1126958801', '666159362']",65.5367231638418%,"[{'Inventory_ID': 'INV-ZZ-7485494', 'Carrier_Code': 'ZZ', 'Flight_Number': 3688, 'Arrival_Date_Time': '15-05-2024 19:22', 'Departure_Date_Time': '15-05-2024 10:53', 'Departure_Airport': 'AMD', 'Arrival_Airport': 'DEL'}]","[[{'Inventory_ID': 'INV-ZZ-2507206', 'Carrier_Code': 'ZZ', 'Flight_Number': 4780, 'Arrival_Date_Time': '16-05-2024 09:52', 'Departure_Date_Time': '15-05-2024 14:44', 'Departure_Airport': 'AMD', 'Arrival_Airport': 'HYD'}], [{'Inventory_ID': 'INV-ZZ-7431689', 'Carrier_Code': 'ZZ', 'Flight_Number': 3782, 'Arrival_Date_Time': '16-05-2024 07:24', 'Departure_Date_Time': '15-05-2024 15:57', 'Departure_Airport': 'AMD', 'Arrival_Airport': 'BLR'}, {'Inventory_ID': 'INV-ZZ-3044078', 'Carrier_Code': 'ZZ', 'Flight_Number': 3027, 'Arrival_Date_Time': '17-05-2024 02:58', 'Departure_Date_Time': '16-05-2024 18:48', 'Departure_Airport': 'BLR', 'Arrival_Airport': 'HYD'}]]"
INV-ZZ-4023564,"['59407852', '857370305', '557073534', '88171604203', '276970018', '8546747798', '689202870', '5619438064', '682689101', '656360031', '11461101', '930671517', '180370534', '3078484249', '357683418', '201178406', '9444299211', '9566205207', '4860125947', '3020285585', '180053092', '699943926', '177479669', '25264444', '1469057654', '8329386553', '241551395', '548412469', '944844427', '897957723', '1910635489', '8133042694', '9496461892', '4316724120', '834322413', '662342856', '9678704022', '344568465', '2037443251', '477727477', '256535127', '635593820', '3567090679', '7163630654', '404736083', '290502280', '478621611', '2029902303', '527770401', '675137374', '2029163004', '6155076703', '6253045999', '5337438728', '946869527', '229891445', '979815781', '3612795168', '33885787', '1031541295', '4098839502', '9230918591', '1683297708', '78775680119', '8651761719', '891107590', '5081303403', '2226734430', '7503142929', '557291728', '2826541620', '18447810224', '85648356', '255300020', '17450817', '284175208', '5486528664', '46160503917', '641059745', '9212495579', '568743126', '3442902293', '397419499', '662263273', '101979169', '491236870', '8601537340', '6924764045', '104771580', '881685148', '8499667962', '361459340', '18026682', '479338211', '36202092', '22854312976', '3320141825', '3688120409', '902505422', '1100349098', '5487236279', '4045822644', '200238975', '8681107486', '810432854', '480039195', '310664287', '5082928818', '3237294635', '4955221750', '535865084', '981231717', '7918177877', '7888078117', '4779543720', '123342295', '9411254267', '35186529', '9214863011', '83206998', '8018407315', '63170664', '862920187', '62583617', '3696926214', '271933232', '280017096', '967881272', '690960157', '19092645', '79339422781', '9773314534', '20744486717', '231354799', '892085992', '27042812', '15066385', '893090370', '323053877', '8806240441', '6571853853', '785128559', '339427651', '8771738746', '41711025035', '921261235', '8099122745', '921504005', '367049303', '8296760443', '9586589360', '3600299645', '270742566', '3609691452', '813062813', '841852130', '8913273655', '8613167059', '3625463975', '9779799542']",[],100.0%,"[{'Inventory_ID': 'INV-ZZ-8660565', 'Carrier_Code': 'ZZ', 'Flight_Number': 4140, 'Arrival_Date_Time': '02-06-2024 15:02', 'Departure_Date_Time': '02-06-2024 13:19', 'Departure_Airport': 'AMD', 'Arrival_Airport': 'MAA'}]","[[{'Inventory_ID': 'INV-ZZ-8660565', 'Carrier_Code': 'ZZ', 'Flight_Number': 4140, 'Arrival_Date_Time': '02-06-2024 15:02', 'Departure_Date_Time': '02-06-2024 13:19', 'Departure_Airport': 'AMD', 'Arrival_Airport': 'MAA'}, {'Inventory_ID': 'INV-ZZ-4393671', 'Carrier_Code': 'ZZ', 'Flight_Number': 4704, 'Arrival_Date_Time': '04-06-2024 01:47', 'Departure_Date_Time': '03-06-2024 02:22', 'Departure_Airport': 'MAA', 'Arrival_Airport': 'HYD'}], [{'Inventory_ID': 'INV-ZZ-6685954', 'Carrier_Code': 'ZZ', 'Flight_Number': 4012, 'Arrival_Date_Time': '02-06-2024 22:08', 'Departure_Date_Time': '02-06-2024 19:00', 'Departure_Airport': 'AMD', 'Arrival_Airport': 'MAA'}, {'Inventory_ID': 'INV-ZZ-4393671', 'Carrier_Code': 'ZZ', 'Flight_Number': 4704, 'Arrival_Date_Time': '04-06-2024 01:47', 'Departure_Date_Time': '03-06-2024 02:22', 'Departure_Airport': 'MAA', 'Arrival_Airport': 'HYD'}]]"
INV-ZZ-4457881,"['811847093', '589289272', '8203184136', '426380466', '743935505', '128274572', '5249188009', '368689508', '433556023', '3126161661', '563418093', '927356707', '2136526969', '191644907', '427629090', '508166409', '504571009', '140402580', '8891978976', '4460844248', '28318911509', '5164028441', '1715431669', '6224943084', '2643574144', '793008418', '356693809', '149156763', '671294826', '806599816', '868770780', '9289865180', '27562768', '2430346856', '501345908', '226718559', '201510087', '473996131', '574180734', '8214963146', '9318043848', '22189955', '883477213', '764868203', '566129003', '89809957022', '893106183', '454537029', '651789171', '961463553', '455971321', '343577888', '7780573675', '575522436', '1032731900', '9844648671', '162441606', '108036933', '1435817939', '885780231', '9122419931', '709916177', '1522439655', '6348315666', '8656257407', '2118784629', '207918634', '922327843', '3479884402', '9547589711', '722863725', '5940515172', '301839589', '224394263', '3583544003', '1834458753', '250685389', '6950180507', '4983419604', '1279245079', '999102543', '46171877413', '528195073', '4048916120', '211470518', '276342072', '3036349961', '93924500012', '12011685', '8404386569', '612475240', '621999348', '977950107', '9938694486', '701994631', '381455417', '46448792', '359594275', '4022932398', '2012987771', '530732781', '9183343532', '528644519', '191501164', '3090925888', '2939072551', '609697496', '4489297872', '8079770710', '298223480', '83790223180', '461984706', '919769087', '120272149', '7234030610', '5541383131', '2990625352', '5739659550', '4903023641', '89111235', '1848794265', '459992540', '122994905', '7116624216', '9893134824', '669423406', '347243888', '317688016', '7626839048', '182483190', '685475260', '7849412687', '9984700397', '5765048055', '8503521310', '264039581', '319180186', '187440878', '585415933', '203011448', '457866951', '168005772', '181905991', '8677395254', '689127356', '688754691', '555985093', '302711667', '409433392', '1368583918', '838182111', '34038588973', '9884822520', '4919289134', '5081668088', '252359296', '344820084']","['72967499', '970997630', '5064839327', '109817124', '834511692', '858432353', '1301062260', '271795691', '345020393', '967132980', '176211897', '9058129847', '7118277090', '477166308', '969505755', '3481378365', '879447204', '7736160942', '521700745', '457383858', '441124934', '90171181', '3718032213', '6293281272', '9644807887', '6685093032', '83512237011', '4653745441', '103435940', '2892491517', '812433390', '1930054792', '645057289', '655255959', '3317091155', '649961619', '6854113504', '1793624254', '235552816', '16609042', '3389031537', '2213677719', '131222403', '68671852946', '565545247', '792272324', '74175755353', '9563948553', '348437004', '200534035']",75.84541062801932%,"[{'Inventory_ID': 'INV-ZZ-9801434', 'Carrier_Code': 'ZZ', 'Flight_Number': 4140, 'Arrival_Date_Time': '14-05-2024 15:02', 'Departure_Date_Time': '14-05-2024 13:19', 'Departure_Airport': 'AMD', 'Arrival_Airport': 'MAA'}]","[[{'Inventory_ID': 'INV-ZZ-9575293', 'Carrier_Code': 'ZZ', 'Flight_Number': 4780, 'Arrival_Date_Time': '15-05-2024 09:52', 'Departure_Date_Time': '14-05-2024 14:44', 'Departure_Airport': 'AMD', 'Arrival_Airport': 'HYD'}], [{'Inventory_ID': 'INV-ZZ-7703162', 'Carrier_Code': 'ZZ', 'Flight_Number': 3782, 'Arrival_Date_Time': '15-05-2024 07:24', 'Departure_Date_Time': '14-05-2024 15:57', 'Departure_Airport': 'AMD', 'Arrival_Airport': 'BLR'}, {'Inventory_ID': 'INV-ZZ-6253561', 'Carrier_Code': 'ZZ', 'Flight_Number': 3027, 'Arrival_Date_Time': '16-05-2024 02:58', 'Departure_Date_Time': '15-05-2024 18:48', 'Departure_Airport': 'BLR', 'Arrival_Airport': 'HYD'}]]"
INV-ZZ-3384608,"['32020252', '412122524', '5502205213', '472979118', '7748440520', '587972328', '221387698', '6385530721', '1628812762', '77031630438', '5762507139', '6072747889', '8055099315', '6053945530', '8657408983', '7376582443', '394921017', '9804085005', '4869644987', '6240303629', '7739877971', '4303887548', '218245404', '5673597096', '286260225', '531282188', '6835501274', '9349102612', '160869983', '1197005096', '407544177', '452746402', '614732417', '72764970535', '730614390', '230207946', '617446239', '4657150017', '6136894154', '8381169999', '886440633', '519222828', '619837504', '72457116957', '257801256', '861041305', '819623277', '633686159', '665596600', '342023642', '772974098', '350671622', '7600191960', '402184440', '214673874', '755117348', '2847623458', '493374976', '901632879']","['41696401', '5265344532', '839140657', '71304910', '8779013155', '4706529840', '781056408', '857228671', '9241532007', '564875993', '1454971962', '4034379849', '5164033542', '40203133421', '155969376', '5985313685', '1254142258', '508905133', '2910402728', '446340514', '460764431', '291318759', '2884779409', '831152095', '2725649399', '7248341154', '3161456521', '162996413', '8619365914', '2711845784', '6786616255', '7418384793', '8850801238', '1618083600', '222523534', '48024963282', '37454971', '122000000000', '173680831', '8777662695', '379813643', '6214033989', '557959499', '3643215302', '649588641', '14864151', '593424748', '6762610277', '9010910', '6185572324', '9975515345', '7797367194', '70458338507', '589330466', '5350264642', '221915184', '529962735', '292851818', '3028737645', '1394073288', '274488724', '731749223', '978099293', '797606734', '6136927483', '4460757795', '680417403', '9122509065', '9522824450', '639699031', '4848203723', '487198524', '6728748496', '55110628261', '974452701', '847322314', '7417379189', '476528848', '8484134328', '355987543', '8822248678', '8363860126', '412356229', '4729484562', '1412455884', '421333438', '714208855', '958517470', '298703030', '913028084', '7567168125', '1877045097', '185663558', '66198317', '784197599', '2286171877', '8848848680', '70859999', '89493497', '3322209425', '75694672', '4528901431', '183323243', '276641113']",36.19631901840491%,"[{'Inventory_ID': 'INV-ZZ-9820159', 'Carrier_Code': 'ZZ', 'Flight_Number': 4780, 'Arrival_Date_Time': '12-06-2024 09:52', 'Departure_Date_Time': '11-06-2024 14:44', 'Departure_Airport': 'AMD', 'Arrival_Airport': 'HYD'}]","[[{'Inventory_ID': 'INV-ZZ-2197648', 'Carrier_Code': 'ZZ', 'Flight_Number': 4780, 'Arrival_Date_Time': '13-06-2024 09:52', 'Departure_Date_Time': '12-06-2024 14:44', 'Departure_Airport': 'AMD', 'Arrival_Airport': 'HYD'}], [{'Inventory_ID': 'INV-ZZ-2997334', 'Carrier_Code': 'ZZ', 'Flight_Number': 4341, 'Arrival_Date_Time': '13-06-2024 16:53', 'Departure_Date_Time': '13-06-2024 09:32', 'Departure_Airport': 'AMD', 'Arrival_Airport': 'HYD'}]]"
INV-ZZ-5501386,"['9285621808', '27201837128', '776654631', '5008639705', '942614884', '535554381', '476856148', '795224701', '2612644660', '830125058', '652917574', '7489255152', '1153279999', '486692834', '343270694', '2708963688', '37546746199', '149182783', '9287589925', '674774286', '4501113004', '691817403', '319322896', '800530151', '703940874', '942000728', '529292688', '5983462032', '7304498917', '983443514', '2910995096', '264787843', '465808478', '7651620187', '342017648', '858473328', '3112852237', '4625590950', '9434099695', '4436358488', '484768249', '49835656', '136019902', '42338927398', '65385857517', '980850779', '4414032888', '901708660', '223308569', '447484844', '672890475', '8226143636', '2815409913', '774978384', '77462035', '9302282908', '2614962173', '1689137037', '529900090', '7373072938', '17429767443', '901891153', '370504715', '7385557680', '336298494', '629573594', '9053586685', '4365770317', '1524102765', '9349241198', '294228674', '3787033960', '75052366845', '3571579240', '2500230352', '2815202225', '120342611', '4297472591', '2675114245', '649612799', '970500693', '64509193', '410643913', '691251865', '2612569641', '923503714', '7282086190', '8750832995', '19941994940', '286786305', '1732525760', '421579121', '639865854', '2822721634', '31750816833', '12362267', '1551741626', '406606814', '113151500', '3934417278', '393156035', '6531791392', '615381204', '41584149', '349416457', '272033803', '1298916', '432427061', '3176627996', '6500602611', '7428852320', '4047074790', '77987446533', '5269065707', '512312006', '9941623202', '143355308', '341357205', '120492179', '365938120', '3852667191', '8687990442', '7910966921', '7871449366', '103579969', '51357710064', '34788782', '49282570', '863625919', '6722147914', '2320960224', '6824931918', '750218817', '259937688', '3552840126', '582048826', '8756191177', '473693637', '189516699', '852313342', '7894095346', '7125257951', '250491588', '3782842842', '667354443', '6702433062', '885104943', '671391468', '631659368', '3415963072', '852067665', '8958571305', '731045351', '67328788743', '8031226465', '3066021924', '902164000', '580293705', '8012949463', '1903596291', '8491314900', '442156470', '5989603416', '5099571290', '1866842665', '611375149']","['896176590', '2250252353', '4212409918', '793184605', '3699822367', '5161771914', '7127761762', '381285977']",95.40229885057471%,"[{'Inventory_ID': 'INV-ZZ-9949225', 'Carrier_Code': 'ZZ', 'Flight_Number': 4140, 'Arrival_Date_Time': '28-05-2024 15:02', 'Departure_Date_Time': '28-05-2024 13:19', 'Departure_Airport': 'AMD', 'Arrival_Airport': 'MAA'}]","[[{'Inventory_ID': 'INV-ZZ-7363018', 'Carrier_Code': 'ZZ', 'Flight_Number': 4780, 'Arrival_Date_Time': '29-05-2024 09:52', 'Departure_Date_Time': '28-05-2024 14:44', 'Departure_Airport': 'AMD', 'Arrival_Airport': 'HYD'}], [{'Inventory_ID': 'INV-ZZ-9610909', 'Carrier_Code': 'ZZ', 'Flight_Number': 3782, 'Arrival_Date_Time': '29-05-2024 07:24', 'Departure_Date_Time': '28-05-2024 15:57', 'Departure_Airport': 'AMD', 'Arrival_Airport': 'BLR'}, {'Inventory_ID': 'INV-ZZ-3758978', 'Carrier_Code': 'ZZ', 'Flight_Number': 3027, 'Arrival_Date_Time': '30-05-2024 02:58', 'Departure_Date_Time': '29-05-2024 18:48', 'Departure_Airport': 'BLR', 'Arrival_Airport': 'HYD'}]]"
INV-ZZ-8140596,"['129199715', '867188781', '5433968431', '6018678450', '171315351', '84186243922', '838713160', '3895734976', '5839080850', '800121923', '104104681', '7758284612', '842082340', '1873552600', '122024554', '989369501', '3658638612', '856076275', '2880903495', '8997764407', '3346300219', '149105159', '9094820226', '370843402', '517359094', '3342683271', '8131030783', '924198712', '276067723', '89976116329', '6576526306', '4701382853', '7535385947', '5252919403', '8677528140', '158962686', '9725957124', '347686568', '123317503', '9495362782', '204942850', '71800930647', '1737663227', '713199997', '9326258614', '1694914338', '244611564', '728439750', '10874906', '6073443540', '6188480480', '3844751208', '154189677', '3180926296', '481616685', '5731059109', '62119356', '504272299', '5828119488', '5184443151', '670519689', '2549955184', '5665272327', '5973074593', '597168796', '915590767', '200390007', '878745162', '9134001776', '171766308', '315621691', '497408625', '150840093', '156429502', '863544205', '708054506', '151286991', '6666801580', '104599740', '3939765211', '414488362', '225967632', '600581891', '7384702826', '381675923', '667299369', '89445414046', '37976622451', '393683783', '112468964', '22495125308', '666165782', '712526581', '2414115824', '615090571', '944138670', '3293437604', '8313008919', '323542082', '789204539', '4398230934', '754291855', '350463296', '579848402', '428170925', '3338989025', '153680616', '669986894', '846647430', '132693831', '8285791770', '375422314', '2408741570', '445582334', '416448238', '464188137', '5241930442', '6760453271', '196846183', '957101502', '4436585796', '354185864']","['763472318', '417872155', '453630324', '350616302', '9281821995', '4357224071', '539326916', '588632315', '4340568381', '57130378', '13068578117', '3974563000', '897045872', '6690480778', '8166377916', '316109042', '908753698', '942657568', '9014662869', '728394139', '9275658177', '381168911', '170468729', '1308689098', '8517002640', '952770406', '2979613114', '9871012050', '108520060', '7024183470', '3617756571', '554368110', '1807984656', '2983585841', '769039624', '1947314170', '8281020263', '440343400', '389150187', '9311518106', '725870695', '3181355530', '578036716', '93768684', '362817791', '890035979', '8324394555']",72.18934911242604%,"[{'Inventory_ID': 'INV-ZZ-4855587', 'Carrier_Code': 'ZZ', 'Flight_Number': 3041, 'Arrival_Date_Time': '19-05-2024 18:12', 'Departure_Date_Time': '19-05-2024 14:26', 'Departure_Airport': 'AMD', 'Arrival_Airport': 'BLR'}]","[[{'Inventory_ID': 'INV-ZZ-9335465', 'Carrier_Code': 'ZZ', 'Flight_Number': 3688, 'Arrival_Date_Time': '19-05-2024 19:22', 'Departure_Date_Time': '19-05-2024 10:53', 'Departure_Airport': 'AMD', 'Arrival_Airport': 'DEL'}], [{'Inventory_ID': 'INV-ZZ-4995007', 'Carrier_Code': 'ZZ', 'Flight_Number': 4140, 'Arrival_Date_Time': '19-05-2024 15:02', 'Departure_Date_Time': '19-05-2024 13:19', 'Departure_Airport': 'AMD', 'Arrival_Airport': 'MAA'}, {'Inventory_ID': 'INV-ZZ-5652595', 'Carrier_Code': 'ZZ', 'Flight_Number': 4704, 'Arrival_Date_Time': '21-05-2024 01:47', 'Departure_Date_Time': '20-05-2024 02:22', 'Departure_Airport': 'MAA', 'Arrival_Airport': 'HYD'}]]"
INV-ZZ-9027725,"['6418042616', '705672018', '628029715', '184121151', '37223855107', '8254471053', '1852115592', '904363131', '85765009', '6018964629', '344017576', '1954705594', '490594112', '4299727085', '98709256', '837395133', '384605789', '9979241536', '2187137794', '3761059632', '316515118', '448940804', '47016759109', '4718852863', '5840110151', '587604530', '598012745', '669070033', '59770921157', '218104693', '293294855', '253875367', '1518713366', '2774654560', '986370941', '6255649739', '2950368592', '5958743924', '1680928757', '5450808227', '954004606', '9680491911', '548689320', '528094844', '120324471', '62919132', '4657935536', '9590448474', '496546124', '798431637', '7753459004', '7731147077', '6317367666', '721096929', '179384891', '117134921', '977925489', '3280137269', '2524850425', '3335803868', '8061488593', '446444752', '224767237', '6014751674', '7954496832', '8200961279', '2256822610', '31314927626', '941243240', '4642448429', '42028739', '760093657', '8351758935', '80017790475', '21255910', '43625135', '6830567928', '7872772956', '562902812', '5581373288', '334342502', '5308575384', '364294037', '257709950', '3291636055', '9114053919', '47498230', '9740247525', '715758183', '1585604273', '3706815528', '402799040', '2453713790', '342546842', '9605826320', '9098880051', '92872109', '8448285044', '9660367240', '40475788625', '98957532', '486823066', '35881791', '6023126039', '614087867', '2048135115', '752973141', '889280663', '5971141052', '54203486911', '932457628', '8014108999', '261286627', '6703881420', '469791428', '818869350', '616995880', '7831715465', '9387700899', '1890391644', '4465417255', '27048440', '715199081', '5316614491', '7057744274', '6107000749', '4781628807', '3976326201', '8402496840', '2869214477', '521417236', '5405012', '6408843283', '6080125939', '76585052063', '188234404', '4755475698', '5579001934', '610938436', '153468854', '5805064582', '609206755', '744879134', '512376102']",[],100.0%,"[{'Inventory_ID': 'INV-ZZ-1132221', 'Carrier_Code': 'ZZ', 'Flight_Number': 4140, 'Arrival_Date_Time': '04-06-2024 15:02', 'Departure_Date_Time': '04-06-2024 13:19', 'Departure_Airport': 'AMD', 'Arrival_Airport': 'MAA'}]","[[{'Inventory_ID': 'INV-ZZ-7712220', 'Carrier_Code': 'ZZ', 'Flight_Number': 4780, 'Arrival_Date_Time': '06-06-2024 09:52', 'Departure_Date_Time': '05-06-2024 14:44', 'Departure_Airport': 'AMD', 'Arrival_Airport': 'HYD'}], [{'Inventory_ID': 'INV-ZZ-1748559', 'Carrier_Code': 'ZZ', 'Flight_Number': 4780, 'Arrival_Date_Time': '05-06-2024 09:52', 'Departure_Date_Time': '04-06-2024 14:44', 'Departure_Airport': 'AMD', 'Arrival_Airport': 'HYD'}]]"
INV-ZZ-2400044,"['5158938652', '191289300', '9639747049', '3712408664', '834933734', '9459340602', '9623588361', '682538431', '5310834691', '7259344862', '955750378', '8806440875', '8184639389', '143700365', '4063075522', '648426090', '99881606', '9588302625', '619286446', '463679492', '216841433', '6422388961', '473472423', '817541460', '247521325', '775550318', '116163138', '6040339530', '239861195', '415498767', '937328820', '46278282', '7400558960', '8090506386', '624000000000', '911611562', '52504354616', '580234308', '7209005939', '1450571303', '79801637000', '579015737', '994719957', '977150490', '59463706', '46356544', '4006410029', '3843404410', '8548692226', '4265291079', '918735470', '8492044416', '569417916', '304792614', '1072814273', '808637363', '10646985622', '9639163253', '930060828', '5916493668', '574235917', '9472108914', '155454105', '8988302128', '423437526', '140796256', '189031486', '7146047191', '967205268', '157114396', '227404121', '314615999', '955348496', '8650609364', '8026720872', '88106041842', '1758896389', '4871841394', '298799185', '183370639', '437204910', '400032563', '945857846', '430069504', '750618121', '219605943', '186310888', '8578015351', '769145229', '9340111511', '6160398199', '1948947071', '6935681711', '698723509', '835000000000', '801357355', '1823969814', '445584015', '8008395251', '276287695']","['708276738', '4099335306', '7233719837', '467882036', '265963486', '141029450', '835425478', '1927604978', '293723234', '396000000000', '355904018', '3281416681', '472726476', '716983720', '55298740990', '3095526007', '738909827', '46501093558', '6919956322', '4693453010', '522183247', '1493091171', '2002644593', '599157553', '613694096', '59272170005', '1435957871', '97056059', '7494608252', '190042521', '83572862663', '3437182935', '72136275720', '839838775', '1024530823', '501152600', '7324847126', '641084685', '4082591787', '411175677', '1319213149', '427942861', '890038185', '41511363768', '121709807', '942633993', '5445512844', '735108111', '2340252324', '3044208878', '32483727', '170958454', '69980203', '1752322788', '910555944', '5980441714']",64.1025641025641%,"[{'Inventory_ID': 'INV-ZZ-3854836', 'Carrier_Code': 'ZZ', 'Flight_Number': 4341, 'Arrival_Date_Time': '20-06-2024 16:53', 'Departure_Date_Time': '20-06-2024 09:32', 'Departure_Airport': 'AMD', 'Arrival_Airport': 'HYD'}]","[[{'Inventory_ID': 'INV-ZZ-2921679', 'Carrier_Code': 'ZZ', 'Flight_Number': 4341, 'Arrival_Date_Time': '18-06-2024 16:53', 'Departure_Date_Time': '18-06-2024 09:32', 'Departure_Airport': 'AMD', 'Arrival_Airport': 'HYD'}], [{'Inventory_ID': 'INV-ZZ-7212744', 'Carrier_Code': 'ZZ', 'Flight_Number': 2678, 'Arrival_Date_Time': '18-06-2024 01:45', 'Departure_Date_Time': '17-06-2024 16:00', 'Departure_Airport': 'AMD', 'Arrival_Airport': 'BOM'}]]"
INV-ZZ-8029879,"['4509485764', '5975543875', '3073381963', '213973833', '9278608659', '9730676224', '1128452733', '5415795791', '4866862194', '9764741495', '2931422045', '8073080951', '556344900', '9923253142', '776646107', '8452832836', '113311845', '966503809', '9245295923', '6268722812', '293451156', '75871114', '3078504394', '725159542', '9726111018', '867690828', '7123125599', '6131989509', '1190701809', '2233493227', '275133074', '3550564914', '1030420760', '766136210', '537292157', '2324607012', '822571378', '9965366794', '9842271732', '36181126', '1158122544', '9991907099', '7791318402', '4792212976', '5955359109', '45533097239', '6884605945', '5924164478', '346112610', '501344101', '106018798', '9255745395', '857902559', '1352227935', '9074220647', '58151589', '566968689', '817124656', '1270310952', '7511663882', '208110141', '234225645', '9097756743', '662503596', '5262098905', '934913053', '530692960', '5964857995', '761224688', '1870686000', '5084497593', '3387456695', '4434972309', '653392786', '405300770', '845389015', '5883829778', '5084559422', '6867358870', '3812632642', '2359110517', '969306110', '349794129', '2795736448', '166506270', '1644876522', '8402530680', '695933309', '5449806955', '850586806', '4519842078', '1278295691', '2919131073', '5321382634', '576286445', '5994039162', '317482529', '350980919', '1927222223', '164846353', '788576703', '14232058', '1298665739', '7231841940', '9088475309', '7120189840', '707108913', '1771329506', '6079886787', '7604363824', '843522518', '4636654150', '32077826', '855731673', '500678686', '9153595688', '202525734', '84593477421', '438363325', '4818383390', '5486984444', '23335122528', '8469814579', '7010686734', '961981262', '98239716', '271462905', '92804840546', '672103855', '3370415857', '4719512375', '2584978740', '254832263', '9755698731', '463731042', '171256849', '35997973', '457378425', '952067692', '5839221763', '728036045', '354119676', '906391365', '901149229', '512463553', '5598919555', '4902067678', '324432563', '224750537', '3360158945', '4037659256', '433276500', '369445062', '1335511727']","['709749620', '9213018374', '146387406', '3792531355', '8408827421', '242338644', '3623112592', '433215090', '624535262', '262982174', '8527242112', '503343473', '134992803', '5032458538', '1819398703', '2566243166', '306335252', '742748442', '148916985', '755009433', '706072266', '781637439']",87.5%,"[{'Inventory_ID': 'INV-ZZ-8515459', 'Carrier_Code': 'ZZ', 'Flight_Number': 4140, 'Arrival_Date_Time': '06-05-2024 15:02', 'Departure_Date_Time': '06-05-2024 13:19', 'Departure_Airport': 'AMD', 'Arrival_Airport': 'MAA'}]","[[{'Inventory_ID': 'INV-ZZ-8515459', 'Carrier_Code': 'ZZ', 'Flight_Number': 4140, 'Arrival_Date_Time': '06-05-2024 15:02', 'Departure_Date_Time': '06-05-2024 13:19', 'Departure_Airport': 'AMD', 'Arrival_Airport': 'MAA'}, {'Inventory_ID': 'INV-ZZ-8689644', 'Carrier_Code': 'ZZ', 'Flight_Number': 4341, 'Arrival_Date_Time': '06-05-2024 22:11', 'Departure_Date_Time': '06-05-2024 17:09', 'Departure_Airport': 'MAA', 'Arrival_Airport': 'CJB'}], [{'Inventory_ID': 'INV-ZZ-1062778', 'Carrier_Code': 'ZZ', 'Flight_Number': 3041, 'Arrival_Date_Time': '06-05-2024 18:12', 'Departure_Date_Time': '06-05-2024 14:26', 'Departure_Airport': 'AMD', 'Arrival_Airport': 'BLR'}]]"
INV-ZZ-5984671,"['330073437', '6727319674', '3123014139', '9380793196', '6212626598', '596843441', '286635665', '223294689', '272574550', '79709217', '4330094325', '154751057', '6272337912', '3652381135', '3545182486', '4076840411', '1478792', '1676294494', '7399878932', '993479418', '7512169362', '233193727', '477473335', '7331200734', '935920833', '4451772982', '588287334', '53155853', '7705826741', '313478664', '195036768', '2751007215', '77597388481', '904298642', '523649895', '371994907', '928156139', '957354179', '1028149074', '475327234', '802942099', '8950733182', '6782732318', '535365556', '4376701937', '388134896', '912452984', '707704492', '107371982', '438392862', '62317355653', '1477067221', '9451192520', '262491856', '6175433877', '232436391', '941216209', '8238397031', '39881839449', '502814040', '1651203803', '1574581414', '405947303', '305104249', '1869665582', '58141106503', '675597601', '5394065764', '77150797', '711116276', '8586667376', '3525466534', '46923057786', '9833449527', '594497330', '7859309790', '117065482', '4308445251', '526911615', '6145883372', '900735774', '7994174550', '4355272896', '3479776159', '963694710', '9837909461', '381517033', '784352408', '5729698977', '224680990', '9927147470', '7856902370', '3264841957', '157613232', '8288386807', '4093996757', '609798486', '633938634', '1818157409', '165605892', '1877989668', '437259276', '187581865', '888849750', '583203975', '604541265', '5169441342', '421568756', '321567888', '324189373', '932816603', '181133524', '497021519', '106441805', '87057079', '578173720', '129745590', '735330422', '48028541697', '744827559', '9602556900', '229990165', '1753144427', '7176827294', '733771599', '961375317']","['90463909300', '5201258298', '6936296511', '3361400718', '8971663855', '2667962423', '804587108', '512664095', '225754026', '417649773', '8479578392', '624278982', '35575236964', '2806065732', '5663116142', '460358865', '876461262', '605176215', '9582501073', '411382673', '1740422222', '806506892', '5913056380', '647505924', '1478218150', '775279492', '2112984952', '225161509', '509447925', '973676189']",80.76923076923077%,"[{'Inventory_ID': 'INV-ZZ-1537657', 'Carrier_Code': 'ZZ', 'Flight_Number': 3688, 'Arrival_Date_Time': '26-05-2024 19:22', 'Departure_Date_Time': '26-05-2024 10:53', 'Departure_Airport': 'AMD', 'Arrival_Airport': 'DEL'}]","[[{'Inventory_ID': 'INV-ZZ-6244039', 'Carrier_Code': 'ZZ', 'Flight_Number': 3041, 'Arrival_Date_Time': '26-05-2024 18:12', 'Departure_Date_Time': '26-05-2024 14:26', 'Departure_Airport': 'AMD', 'Arrival_Airport': 'BLR'}], [{'Inventory_ID': 'INV-ZZ-6937296', 'Carrier_Code': 'ZZ', 'Flight_Number': 4140, 'Arrival_Date_Time': '26-05-2024 15:02', 'Departure_Date_Time': '26-05-2024 13:19', 'Departure_Airport': 'AMD', 'Arrival_Airport': 'MAA'}, {'Inventory_ID': 'INV-ZZ-4230733', 'Carrier_Code': 'ZZ', 'Flight_Number': 4704, 'Arrival_Date_Time': '28-05-2024 01:47', 'Departure_Date_Time': '27-05-2024 02:22', 'Departure_Airport': 'MAA', 'Arrival_Airport': 'HYD'}]]"
INV-ZZ-5971833,"['15917808', '172899723', '20337512', '3573521197', '134162541', '9586975068', '566025130', '723338718', '2975485579', '342228090', '9666964783', '470301591', '477799431', '4655146501', '2358743200', '154565724', '7677066461', '4843675632', '2753640480', '1207045631', '7228373099', '1269733084', '1350863806', '6484398269', '772926808', '5465346526', '6799328942', '933075361', '4582484021', '155000000000', '409781833', '653222647', '552121169', '686301020', '981770247', '275216054', '359812067', '2680861108', '8839037148', '646522804', '8565547560', '1262831025', '382511219', '817325106', '107893704', '271367777', '657704396', '294935363', '119004045', '744049371', '204551941', '649126991', '498216522', '800453498', '4056596066', '3359499889', '149716869', '244511827', '938201016', '425612038', '412942510', '29791036454', '83900682', '754064270', '699965103', '94693802', '2739150264', '840761270', '360683392', '7955034719', '310190574', '693178884', '6041839777', '921283631', '1600038584', '987357392', '609998228', '4113123386', '9250182396', '61974589', '772503465', '848531676', '8972006027', '17440186564', '9072128989', '7665191707', '4297437900', '214868719', '2889161040', '2748286985', '686484115', '3138843192', '2650743720', '187719439', '266093456', '998923618', '1004092533', '794220120', '960993485', '936842026', '6832666240', '5456811361', '3938890755', '498032689', '53806773', '170462838', '5739735', '2337735016', '3047166175', '241349366', '704935374', '376319725', '381327561', '69180715377', '305267440', '2153868556', '980811938', '129268474', '852879548', '819935963', '78139753787', '921424853', '2270115392', '8293843475', '328497453', '98545487', '335079674', '3897859936', '321355808', '5455360588', '6889540443', '261646962', '182296775', '294774625', '4535429520', '2356563902', '34937316411', '36781747', '7149277796', '766258179', '318502289', '2562207351', '7673210259', '5809157009', '235740705', '979719387']",[],100.0%,"[{'Inventory_ID': 'INV-ZZ-2601188', 'Carrier_Code': 'ZZ', 'Flight_Number': 4140, 'Arrival_Date_Time': '10-06-2024 15:02', 'Departure_Date_Time': '10-06-2024 13:19', 'Departure_Airport': 'AMD', 'Arrival_Airport': 'MAA'}]","[[{'Inventory_ID': 'INV-ZZ-1507983', 'Carrier_Code': 'ZZ', 'Flight_Number': 4341, 'Arrival_Date_Time': '11-06-2024 16:53', 'Departure_Date_Time': '11-06-2024 09:32', 'Departure_Airport': 'AMD', 'Arrival_Airport': 'HYD'}], [{'Inventory_ID': 'INV-ZZ-9820159', 'Carrier_Code': 'ZZ', 'Flight_Number': 4780, 'Arrival_Date_Time': '12-06-2024 09:52', 'Departure_Date_Time': '11-06-2024 14:44', 'Departure_Airport': 'AMD', 'Arrival_Airport': 'HYD'}]]"
